query_idx,qseed,A_bucket_order_agree,A_bucket_recall8,A_bucket_cycles,A_bucket_ovf,B_systolic_order_agree,B_systolic_recall8,B_systolic_cycles,B_systolic_ovf,C_twolevel_order_agree,C_twolevel_recall8,C_twolevel_cycles,C_twolevel_ovf
0,0xF5022201,0.25,0.375,65,32,1.0,1.0,97,0,1.0,1.0,97,0
1,0x6B355BB8,0.289474,1.0,87,10,1.0,1.0,97,0,1.0,1.0,97,0
2,0xC96CD173,0.733333,1.0,79,18,1.0,1.0,97,0,1.0,1.0,97,0
3,0x2FA44F2A,0.625,0.5,57,40,1.0,1.0,97,0,1.0,1.0,97,0
4,0x8DDFC4E5,0.5,0.25,65,32,1.0,1.0,97,0,1.0,1.0,97,0
5,0xE217429C,0.457143,0.75,84,13,1.0,1.0,97,0,1.0,1.0,97,0
6,0x404EF857,0.733333,1.0,79,18,1.0,1.0,97,0,1.0,1.0,97,0
7,0xA686760E,0.75,0.5,57,40,1.0,1.0,97,0,1.0,1.0,97,0
8,0x04B9EFC9,0.1875,0.375,65,32,1.0,1.0,97,0,1.0,1.0,97,0
9,0x7AF16580,0.333333,0.875,85,12,1.0,1.0,97,0,1.0,1.0,97,0
10,0xDB28E33B,0.733333,1.0,79,18,1.0,1.0,97,0,1.0,1.0,97,0
11,0x396018F2,0.5,0.5,57,40,1.0,1.0,97,0,1.0,1.0,97,0
12,0x9F9B96AD,0.1875,0.25,65,32,1.0,1.0,97,0,1.0,1.0,97,0
13,0xFDD30C64,0.27027,0.875,86,11,1.0,1.0,97,0,1.0,1.0,97,0
14,0x520A8A1F,0.733333,1.0,79,18,1.0,1.0,97,0,1.0,1.0,97,0
15,0xB04203D6,0.625,0.5,57,40,1.0,1.0,97,0,1.0,1.0,97,0
16,0x1675B991,0.1875,0.25,65,32,1.0,1.0,97,0,1.0,1.0,97,0
17,0x74AD3748,0.358974,0.625,88,9,1.0,1.0,97,0,1.0,1.0,97,0
18,0xEAE4AD03,0.733333,1.0,79,18,1.0,1.0,97,0,1.0,1.0,97,0
19,0x4B1C2ABA,0.625,0.5,57,40,1.0,1.0,97,0,1.0,1.0,97,0
20,0xA957A075,0.1875,0.125,65,32,1.0,1.0,97,0,1.0,1.0,97,0
21,0x0F8EDE2C,0.243243,0.625,86,11,1.0,1.0,97,0,1.0,1.0,97,0
22,0x6DC657E7,0.733333,1.0,79,18,1.0,1.0,97,0,1.0,1.0,97,0
23,0xC3F9CD9E,0.625,0.5,57,40,1.0,1.0,97,0,1.0,1.0,97,0
24,0x20314B59,0.3125,0.5,65,32,1.0,1.0,97,0,1.0,1.0,97,0
25,0x8668C110,0.378378,0.5,86,11,1.0,1.0,97,0,1.0,1.0,97,0
26,0xE4A07ECB,0.733333,1.0,79,18,1.0,1.0,97,0,1.0,1.0,97,0
27,0x5ADBF482,0.5,0.5,57,40,1.0,1.0,97,0,1.0,1.0,97,0
28,0xBB13723D,0.375,0.375,65,32,1.0,1.0,97,0,1.0,1.0,97,0
29,0x194AEBF4,0.235294,0.5,83,14,1.0,1.0,97,0,1.0,1.0,97,0
30,0x7F8261AF,0.733333,1.0,79,18,1.0,1.0,97,0,1.0,1.0,97,0
31,0xDDB59F66,1.0,0.5,57,40,1.0,1.0,97,0,1.0,1.0,97,0
32,0x33ED1521,0.125,0.375,65,32,1.0,1.0,97,0,1.0,1.0,97,0
33,0x902492D8,0.258065,0.5,80,17,1.0,1.0,97,0,1.0,1.0,97,0
34,0xF65C0893,0.733333,1.0,79,18,1.0,1.0,97,0,1.0,1.0,97,0
35,0x5497864A,1.0,0.625,57,40,1.0,1.0,97,0,1.0,1.0,97,0
36,0xCACF3C05,0.3125,0.5,65,32,1.0,1.0,97,0,1.0,1.0,97,0
37,0x2B06B5BC,0.342105,0.875,87,10,1.0,1.0,97,0,1.0,1.0,97,0
38,0x893E3377,0.733333,1.0,79,18,1.0,1.0,97,0,1.0,1.0,97,0
39,0xEF71A92E,1.0,0.5,57,40,1.0,1.0,97,0,1.0,1.0,97,0
40,0x4DA926E9,0.3125,0.5,65,32,1.0,1.0,97,0,1.0,1.0,97,0
41,0xA3E05CA0,0.264706,0.75,83,14,1.0,1.0,97,0,1.0,1.0,97,0
42,0x001BDA5B,0.733333,1.0,79,18,1.0,1.0,97,0,1.0,1.0,97,0
43,0x66535012,1.0,0.5,57,40,1.0,1.0,97,0,1.0,1.0,97,0
44,0xC48AC9CD,0.375,0.125,65,32,1.0,1.0,97,0,1.0,1.0,97,0
45,0x3AC24784,0.210526,0.75,87,10,1.0,1.0,97,0,1.0,1.0,97,0
46,0x98F5FD3F,0.733333,1.0,79,18,1.0,1.0,97,0,1.0,1.0,97,0
47,0xF92D7AF6,1.0,0.5,57,40,1.0,1.0,97,0,1.0,1.0,97,0
48,0x5F64F0B1,0.0625,0.5,65,32,1.0,1.0,97,0,1.0,1.0,97,0
49,0xBD9C6E68,0.27027,0.75,86,11,1.0,1.0,97,0,1.0,1.0,97,0
50,0x13D7E423,0.733333,1.0,79,18,1.0,1.0,97,0,1.0,1.0,97,0
51,0x700F1DDA,0.5,0.5,57,40,1.0,1.0,97,0,1.0,1.0,97,0
52,0xD6469B95,0.375,0.5,65,32,1.0,1.0,97,0,1.0,1.0,97,0
53,0x347E114C,0.2,0.75,84,13,1.0,1.0,97,0,1.0,1.0,97,0
54,0xAAB18F07,0.733333,1.0,79,18,1.0,1.0,97,0,1.0,1.0,97,0
55,0x08E904BE,1.0,0.5,57,40,1.0,1.0,97,0,1.0,1.0,97,0
56,0x69208279,0.6875,0.5,65,32,1.0,1.0,97,0,1.0,1.0,97,0
57,0xCF583830,0.257143,0.5,84,13,1.0,1.0,97,0,1.0,1.0,97,0
58,0x2D93B1EB,0.733333,1.0,79,18,1.0,1.0,97,0,1.0,1.0,97,0
59,0x83CB2FA2,0.625,0.5,57,40,1.0,1.0,97,0,1.0,1.0,97,0
60,0xE002A55D,0.1875,0.375,65,32,1.0,1.0,97,0,1.0,1.0,97,0
61,0x463A2314,0.222222,1.0,85,12,1.0,1.0,97,0,1.0,1.0,97,0
62,0xA46D58CF,0.733333,1.0,79,18,1.0,1.0,97,0,1.0,1.0,97,0
63,0x1AA4D686,0.625,0.5,57,40,1.0,1.0,97,0,1.0,1.0,97,0
